Region,Country,Item Type,Sales Channel,Order Priority,Order Date,Order ID,Ship Date,Units Sold,Unit Price,Unit Cost,Total Revenue,Total Cost,Total Profit
North America,Canada,Vegetables,Online,M,11/7/2011,185941302,12/8/2011,3018,154.06,90.93,464953.08,274426.74,190526.34
Asia,Japan,Cereal,Offline,C,4/10/2010,161442649,5/12/2010,3322,205.7,117.11,683335.4,389039.42,294295.98
Sub-Saharan Africa,Chad,Fruits,Offline,H,8/16/2011,645713555,8/31/2011,9845,9.33,6.92,91853.85,68127.4,23726.45
Europe,Armenia,Cereal,Online,H,11/24/2014,683458888,12/28/2014,9528,205.7,117.11,1959909.6,1115824.08,844085.52
Sub-Saharan Africa,Eritrea,Cereal,Online,H,3/4/2015,679414975,4/17/2015,2844,205.7,117.11,585010.8,333060.84,251949.96
Central America and the Caribbean,Jamaica,Vegetables,Online,H,1/29/2015,266467225,3/7/2015,2428,154.06,90.93,374057.68,220778.04,153279.64
Australia and Oceania,Fiji,Vegetables,Offline,H,12/24/2013,118598544,1/19/2014,4800,154.06,90.93,739488,436464,303024
Asia,Maldives,Fruits,Offline,L,1/8/2011,714135205,2/6/2011,7332,9.33,6.92,68407.56,50737.44,17670.12
Central America and the Caribbean,Grenada,Cereal,Online,H,10/28/2012,430390107,11/13/2012,852,205.7,117.11,175256.4,99777.72,75478.68
North America,Greenland,Fruits,Offline,M,1/31/2012,469839179,2/22/2012,4709,9.33,6.92,43934.97,32586.28,11348.69
Sub-Saharan Africa,Benin,Fruits,Online,L,1/28/2014,564646470,3/16/2014,293,9.33,6.92,2733.69,2027.56,706.13
Central America and the Caribbean,Trinidad and Tobago,Vegetables,Offline,M,3/6/2011,280494105,4/14/2011,3294,154.06,90.93,507473.64,299523.42,207950.22
Australia and Oceania,Vanuatu,Vegetables,Online,L,5/17/2012,366653096,5/31/2012,9654,154.06,90.93,1487295.24,877838.22,609457.02
Sub-Saharan Africa,Burundi,Vegetables,Online,M,11/17/2010,951380240,12/20/2010,3410,154.06,90.93,525344.6,310071.3,215273.3
Sub-Saharan Africa,Madagascar,Fruits,Online,L,5/31/2016,566935575,6/7/2016,7690,9.33,6.92,71747.7,53214.8,18532.9
Asia,Nepal,Vegetables,Offline,C,6/2/2014,443121373,6/19/2014,8316,154.06,90.93,1281162.96,756173.88,524989.08
Sub-Saharan Africa,Mali,Cereal,Online,L,3/17/2012,235702931,4/3/2012,8590,205.7,117.11,1766963,1005974.9,760988.1
Asia,India,Fruits,Online,H,7/29/2010,658348691,8/22/2010,8862,9.33,6.92,82682.46,61325.04,21357.42
Europe,Sweden,Vegetables,Offline,M,2/5/2017,947434604,2/19/2017,5808,154.06,90.93,894780.48,528121.44,366659.04
Middle East and North Africa,Tunisia ,Cereal,Online,L,4/9/2010,221975171,5/17/2010,6241,205.7,117.11,1283773.7,730883.51,552890.19
Sub-Saharan Africa,Liberia,Cereal,Online,L,2/8/2015,977313554,3/29/2015,7653,205.7,117.11,1574222.1,896242.83,677979.27
Asia,South Korea,Fruits,Offline,L,3/7/2010,769205892,3/17/2010,3972,9.33,6.92,37058.76,27486.24,9572.52
Middle East and North Africa,Libya,Cereal,Offline,M,3/27/2014,964214932,3/31/2014,1480,205.7,117.11,304436,173322.8,131113.2
Middle East and North Africa,Afghanistan,Cereal,Online,M,10/13/2016,410067975,11/20/2016,7081,205.7,117.11,1456561.7,829255.91,627305.79
Sub-Saharan Africa,Sudan,Fruits,Online,L,12/26/2012,193775498,1/31/2013,1331,9.33,6.92,12418.23,9210.52,3207.71
Australia and Oceania,East Timor,Vegetables,Offline,C,8/4/2014,633895957,8/22/2014,2755,154.06,90.93,424435.3,250512.15,173923.15
Middle East and North Africa,Jordan,Vegetables,Offline,L,6/13/2015,698002040,7/29/2015,3170,154.06,90.93,488370.2,288248.1,200122.1
Sub-Saharan Africa,Malawi,Vegetables,Online,L,6/22/2012,384013640,7/19/2012,7025,154.06,90.93,1082271.5,638783.25,443488.25
Sub-Saharan Africa,Eritrea,Cereal,Offline,C,9/3/2014,775076282,9/19/2014,1150,205.7,117.11,236555,134676.5,101878.5
Europe,Ireland,Vegetables,Online,M,3/4/2012,419306790,3/12/2012,1052,154.06,90.93,162071.12,95658.36,66412.76
Europe,Albania,Fruits,Offline,M,9/17/2011,765955483,10/7/2011,2104,9.33,6.92,19630.32,14559.68,5070.64
Sub-Saharan Africa,Democratic Republic of the Congo,Fruits,Offline,H,4/15/2017,105966842,5/19/2017,6798,9.33,6.92,63425.34,47042.16,16383.18
Sub-Saharan Africa,Ghana,Cereal,Offline,M,10/31/2013,108989799,12/9/2013,1358,205.7,117.11,279340.6,159035.38,120305.22
Sub-Saharan Africa,Malawi,Cereal,Offline,M,7/30/2014,133812463,8/9/2014,6936,205.7,117.11,1426735.2,812274.96,614460.24
Sub-Saharan Africa,Zimbabwe,Fruits,Offline,L,11/12/2011,731640803,12/30/2011,7627,9.33,6.92,71159.91,52778.84,18381.07
Central America and the Caribbean,Nicaragua,Cereal,Online,M,7/4/2011,835572326,8/8/2011,3274,205.7,117.11,673461.8,383418.14,290043.66
Europe,Lithuania,Fruits,Offline,H,12/17/2013,367576634,1/5/2014,2949,9.33,6.92,27514.17,20407.08,7107.09
Europe,Albania,Vegetables,Online,H,11/24/2015,824200189,11/26/2015,8006,154.06,90.93,1233404.36,727985.58,505418.78
Europe,Hungary,Vegetables,Online,C,5/25/2014,739998137,7/9/2014,748,154.06,90.93,115236.88,68015.64,47221.24
North America,Canada,Vegetables,Offline,L,10/7/2016,654480731,11/8/2016,4247,154.06,90.93,654292.82,386179.71,268113.11
Sub-Saharan Africa,Liberia,Fruits,Online,H,5/18/2010,109966123,6/5/2010,274,9.33,6.92,2556.42,1896.08,660.34
Central America and the Caribbean,Antigua and Barbuda ,Cereal,Offline,M,6/5/2017,629709136,6/6/2017,3782,205.7,117.11,777957.4,442910.02,335047.38
Sub-Saharan Africa,Guinea-Bissau,Vegetables,Online,C,3/11/2010,531405103,4/19/2010,3434,154.06,90.93,529042.04,312253.62,216788.42
Australia and Oceania,Nauru,Vegetables,Offline,M,1/14/2010,131482589,1/20/2010,7475,154.06,90.93,1151598.5,679701.75,471896.75
Sub-Saharan Africa,Swaziland,Cereal,Online,L,2/10/2014,713696610,3/28/2014,7542,205.7,117.11,1551389.4,883243.62,668145.78
Europe,Finland,Vegetables,Online,C,1/21/2014,306220996,1/30/2014,6452,154.06,90.93,993995.12,586680.36,407314.76
Europe,Belgium,Fruits,Offline,L,10/19/2010,674808442,10/24/2010,9669,9.33,6.92,90211.77,66909.48,23302.29
Sub-Saharan Africa,Togo,Vegetables,Online,C,8/18/2016,170214545,8/19/2016,9121,154.06,90.93,1405181.26,829372.53,575808.73
Sub-Saharan Africa,Republic of the Congo,Fruits,Offline,C,10/21/2016,252557933,11/4/2016,6360,9.33,6.92,59338.8,44011.2,15327.6
Australia and Oceania,East Timor,Vegetables,Online,C,8/12/2011,505244338,9/19/2011,1882,154.06,90.93,289940.92,171130.26,118810.66
Sub-Saharan Africa,Seychelles ,Vegetables,Offline,L,6/1/2010,620441138,6/22/2010,1175,154.06,90.93,181020.5,106842.75,74177.75
Europe,Romania,Cereal,Online,C,4/8/2012,305959212,4/23/2012,8985,205.7,117.11,1848214.5,1052233.35,795981.15
Europe,Czech Republic,Cereal,Online,L,2/27/2014,317323625,3/24/2014,1967,205.7,117.11,404611.9,230355.37,174256.53
Sub-Saharan Africa,Equatorial Guinea,Cereal,Offline,M,9/7/2012,517799222,10/23/2012,7151,205.7,117.11,1470960.7,837453.61,633507.09
Europe,Moldova ,Fruits,Offline,C,11/16/2010,267888581,12/22/2010,3039,9.33,6.92,28353.87,21029.88,7323.99
Sub-Saharan Africa,Burkina Faso,Vegetables,Online,L,7/20/2011,162866580,7/26/2011,4695,154.06,90.93,723311.7,426916.35,296395.35
Asia,Maldives,Vegetables,Online,H,2/25/2015,720307290,3/28/2015,3789,154.06,90.93,583733.34,344533.77,239199.57
Sub-Saharan Africa,Angola,Cereal,Offline,C,10/13/2011,773160541,11/21/2011,4240,205.7,117.11,872168,496546.4,375621.6
Central America and the Caribbean,El Salvador,Fruits,Online,C,11/6/2016,245042169,12/15/2016,2278,9.33,6.92,21253.74,15763.76,5489.98
Sub-Saharan Africa,Liberia,Fruits,Online,M,10/8/2014,217140328,10/30/2014,5503,9.33,6.92,51342.99,38080.76,13262.23
Sub-Saharan Africa,Mali,Vegetables,Online,C,6/19/2012,555142009,7/10/2012,7712,154.06,90.93,1188110.72,701252.16,486858.56
Europe,Vatican City,Vegetables,Online,C,4/28/2014,778763139,5/9/2014,2173,154.06,90.93,334772.38,197590.89,137181.49
Australia and Oceania,East Timor,Fruits,Offline,M,11/26/2016,195177543,12/23/2016,6227,9.33,6.92,58097.91,43090.84,15007.07
Sub-Saharan Africa,Uganda,Cereal,Online,C,10/20/2010,861601769,12/2/2010,5965,205.7,117.11,1227000.5,698561.15,528439.35
Middle East and North Africa,Libya,Vegetables,Online,C,1/2/2015,276225316,2/9/2015,64,154.06,90.93,9859.84,5819.52,4040.32
Middle East and North Africa,Jordan,Vegetables,Online,C,6/1/2014,603426492,6/15/2014,6163,154.06,90.93,949471.78,560401.59,389070.19
Europe,Slovakia,Vegetables,Online,M,4/24/2016,769822585,5/15/2016,6465,154.06,90.93,995997.9,587862.45,408135.45
Sub-Saharan Africa,Zimbabwe,Vegetables,Offline,C,7/22/2012,768662583,8/10/2012,3195,154.06,90.93,492221.7,290521.35,201700.35
Central America and the Caribbean,Honduras,Cereal,Online,M,2/22/2015,544219195,3/9/2015,5409,205.7,117.11,1112631.3,633447.99,479183.31
Middle East and North Africa,Iran,Vegetables,Offline,M,12/16/2015,938025844,1/21/2016,1547,154.06,90.93,238330.82,140668.71,97662.11
Middle East and North Africa,Algeria,Vegetables,Online,C,2/25/2017,155710446,2/25/2017,7036,154.06,90.93,1083966.16,639783.48,444182.68
Sub-Saharan Africa,Benin,Cereal,Online,M,6/5/2012,104845464,7/24/2012,4957,205.7,117.11,1019654.9,580514.27,439140.63
Sub-Saharan Africa,Sudan,Fruits,Online,C,1/28/2016,561255729,2/1/2016,6897,9.33,6.92,64349.01,47727.24,16621.77
Sub-Saharan Africa,Tanzania,Cereal,Offline,C,2/21/2014,270723140,3/9/2014,1848,205.7,117.11,380133.6,216419.28,163714.32
Australia and Oceania,Tonga,Fruits,Offline,L,5/20/2011,227486360,6/8/2011,7124,9.33,6.92,66466.92,49298.08,17168.84
Middle East and North Africa,Saudi Arabia,Vegetables,Online,M,8/28/2012,808890140,9/22/2012,7422,154.06,90.93,1143433.32,674882.46,468550.86
Sub-Saharan Africa,Benin,Cereal,Offline,C,12/12/2016,613830459,1/16/2017,4928,205.7,117.11,1013689.6,577118.08,436571.52
Middle East and North Africa,Yemen,Cereal,Offline,H,11/24/2012,266820847,12/10/2012,7073,205.7,117.11,1454916.1,828319.03,626597.07
Asia,China,Vegetables,Online,H,9/5/2010,737816321,9/21/2010,5100,154.06,90.93,785706,463743,321963
Sub-Saharan Africa,Central African Republic,Vegetables,Online,L,10/9/2012,585931193,11/21/2012,8916,154.06,90.93,1373598.96,810731.88,562867.08
Central America and the Caribbean,Antigua and Barbuda ,Vegetables,Online,M,1/3/2012,165835034,1/5/2012,3127,154.06,90.93,481745.62,284338.11,197407.51
Asia,Singapore,Cereal,Online,M,7/30/2011,435146415,8/12/2011,8349,205.7,117.11,1717389.3,977751.39,739637.91
Europe,Lithuania,Fruits,Offline,H,10/25/2011,594003999,11/16/2011,7838,9.33,6.92,73128.54,54238.96,18889.58
Sub-Saharan Africa,Democratic Republic of the Congo,Fruits,Offline,M,4/18/2013,243102395,4/18/2013,8256,9.33,6.92,77028.48,57131.52,19896.96
Europe,Italy,Cereal,Offline,C,5/11/2013,622791612,5/31/2013,6733,205.7,117.11,1384978.1,788501.63,596476.47
Europe,Lithuania,Cereal,Offline,M,12/19/2013,986442506,1/1/2014,9113,205.7,117.11,1874544.1,1067223.43,807320.67
Middle East and North Africa,Pakistan,Cereal,Offline,M,5/18/2012,563915622,6/10/2012,4019,205.7,117.11,826708.3,470665.09,356043.21
Australia and Oceania,Marshall Islands,Fruits,Online,L,1/2/2011,692566382,1/14/2011,4638,9.33,6.92,43272.54,32094.96,11177.58
Europe,Bulgaria,Cereal,Online,L,5/6/2010,181045520,5/27/2010,4247,205.7,117.11,873607.9,497366.17,376241.73
Asia,Mongolia,Vegetables,Online,C,11/27/2010,693743550,1/9/2011,2988,154.06,90.93,460331.28,271698.84,188632.44
Central America and the Caribbean,The Bahamas,Cereal,Offline,L,12/19/2013,450268065,1/4/2014,3181,205.7,117.11,654331.7,372526.91,281804.79
Europe,Monaco,Vegetables,Online,H,1/1/2010,329530894,2/13/2010,4369,154.06,90.93,673088.14,397273.17,275814.97
Asia,Philippines,Cereal,Offline,M,10/19/2010,504270160,11/25/2010,3601,205.7,117.11,740725.7,421713.11,319012.59
Middle East and North Africa,Tunisia ,Cereal,Online,H,12/1/2015,263506495,12/14/2015,6283,205.7,117.11,1292413.1,735802.13,556610.97
Europe,Liechtenstein,Cereal,Offline,L,6/2/2017,721767270,7/18/2017,5829,205.7,117.11,1199025.3,682634.19,516391.11
Sub-Saharan Africa,Chad,Fruits,Offline,C,11/5/2010,430081975,12/9/2010,9669,9.33,6.92,90211.77,66909.48,23302.29
Europe,Bulgaria,Vegetables,Online,H,8/25/2012,614028298,9/9/2012,3473,154.06,90.93,535050.38,315799.89,219250.49
Asia,Tajikistan,Vegetables,Online,H,8/21/2014,106578814,10/2/2014,7894,154.06,90.93,1216149.64,717801.42,498348.22
Europe,Czech Republic,Cereal,Online,H,3/2/2014,761439931,3/28/2014,5851,205.7,117.11,1203550.7,685210.61,518340.09
Sub-Saharan Africa,Lesotho,Fruits,Online,H,9/16/2010,536028802,9/22/2010,1689,9.33,6.92,15758.37,11687.88,4070.49
Australia and Oceania,Kiribati,Cereal,Offline,L,7/24/2012,905392587,8/16/2012,4641,205.7,117.11,954653.7,543507.51,411146.19
Asia,Uzbekistan,Cereal,Offline,C,10/15/2016,916881453,11/28/2016,4452,205.7,117.11,915776.4,521373.72,394402.68
Europe,Austria,Vegetables,Online,C,7/29/2016,612911641,8/31/2016,3030,154.06,90.93,466801.8,275517.9,191283.9
Asia,Kyrgyzstan,Fruits,Online,C,1/14/2012,402614009,3/2/2012,1287,9.33,6.92,12007.71,8906.04,3101.67
Europe,Liechtenstein,Cereal,Online,L,8/4/2016,676121222,9/9/2016,8149,205.7,117.11,1676249.3,954329.39,721919.91
Europe,Luxembourg,Vegetables,Offline,L,10/21/2014,116699969,11/18/2014,2969,154.06,90.93,457404.14,269971.17,187432.97
Australia and Oceania,Palau,Vegetables,Offline,C,6/29/2010,167787253,7/16/2010,832,154.06,90.93,128177.92,75653.76,52524.16
Australia and Oceania,Australia,Vegetables,Online,M,5/19/2014,647663629,5/20/2014,6915,154.06,90.93,1065324.9,628780.95,436543.95
Central America and the Caribbean,The Bahamas,Cereal,Offline,M,11/27/2012,735968816,12/6/2012,8382,205.7,117.11,1724177.4,981616.02,742561.38
Sub-Saharan Africa,Mozambique,Fruits,Offline,H,3/23/2010,861462724,4/19/2010,4818,9.33,6.92,44951.94,33340.56,11611.38
Sub-Saharan Africa,Niger,Cereal,Offline,L,6/16/2012,640942227,7/4/2012,7903,205.7,117.11,1625647.1,925520.33,700126.77
Europe,Russia,Fruits,Offline,L,1/8/2011,221530139,1/26/2011,4546,9.33,6.92,42414.18,31458.32,10955.86
Middle East and North Africa,Jordan,Fruits,Online,C,5/15/2017,521787345,6/25/2017,7325,9.33,6.92,68342.25,50689,17653.25
Middle East and North Africa,Somalia,Cereal,Offline,C,6/25/2015,215434443,6/30/2015,694,205.7,117.11,142755.8,81274.34,61481.46
Europe,Hungary,Vegetables,Offline,M,8/12/2010,248121345,9/14/2010,3475,154.06,90.93,535358.5,315981.75,219376.75
Europe,Cyprus,Cereal,Offline,M,11/19/2011,141940200,1/2/2012,2114,205.7,117.11,434849.8,247570.54,187279.26
Sub-Saharan Africa,Cote d'Ivoire,Vegetables,Online,C,10/23/2015,837067067,10/26/2015,5602,154.06,90.93,863044.12,509389.86,353654.26
Europe,Slovakia,Vegetables,Offline,L,7/3/2014,744370782,7/14/2014,4711,154.06,90.93,725776.66,428371.23,297405.43
Europe,San Marino,Fruits,Offline,M,6/10/2015,873105657,6/23/2015,221,9.33,6.92,2061.93,1529.32,532.61
Middle East and North Africa,Jordan,Vegetables,Online,M,9/14/2010,151854932,10/19/2010,6104,154.06,90.93,940382.24,555036.72,385345.52
Asia,Kyrgyzstan,Vegetables,Online,H,3/7/2011,427811324,4/16/2011,7733,154.06,90.93,1191345.98,703161.69,488184.29
Sub-Saharan Africa,Republic of the Congo,Fruits,Online,L,4/30/2012,251529252,5/5/2012,1950,9.33,6.92,18193.5,13494,4699.5
Sub-Saharan Africa,Senegal,Fruits,Offline,H,7/2/2016,292180383,8/15/2016,1523,9.33,6.92,14209.59,10539.16,3670.43
Middle East and North Africa,Pakistan,Fruits,Offline,L,9/13/2011,733563411,9/20/2011,6569,9.33,6.92,61288.77,45457.48,15831.29
Sub-Saharan Africa,Madagascar,Fruits,Offline,M,7/8/2017,701816356,7/30/2017,1910,9.33,6.92,17820.3,13217.2,4603.1
Europe,Greece,Vegetables,Online,L,2/17/2017,140635573,3/21/2017,6046,154.06,90.93,931446.76,549762.78,381683.98
Sub-Saharan Africa,South Sudan,Fruits,Online,M,1/9/2016,793938434,2/8/2016,2880,9.33,6.92,26870.4,19929.6,6940.8
Australia and Oceania,Australia,Vegetables,Online,C,12/15/2010,729443109,1/12/2011,7281,154.06,90.93,1121710.86,662061.33,459649.53
Sub-Saharan Africa,Cape Verde,Fruits,Offline,H,3/2/2013,695557582,4/3/2013,9800,9.33,6.92,91434,67816,23618
Central America and the Caribbean,Saint Lucia,Vegetables,Online,C,3/1/2012,151868665,4/19/2012,168,154.06,90.93,25882.08,15276.24,10605.84
Middle East and North Africa,Qatar,Cereal,Offline,C,8/5/2014,180412948,8/24/2014,7055,205.7,117.11,1451213.5,826211.05,625002.45
Sub-Saharan Africa,Mali,Fruits,Offline,H,7/24/2013,333281266,7/28/2013,4188,9.33,6.92,39074.04,28980.96,10093.08
Asia,Mongolia,Fruits,Online,M,9/12/2013,171131217,10/8/2013,385,9.33,6.92,3592.05,2664.2,927.85
Middle East and North Africa,Oman,Fruits,Online,C,11/21/2010,960905301,11/25/2010,2087,9.33,6.92,19471.71,14442.04,5029.67
Asia,Mongolia,Fruits,Online,M,3/30/2014,805484378,5/1/2014,9582,9.33,6.92,89400.06,66307.44,23092.62
Sub-Saharan Africa,Kenya,Cereal,Online,H,10/11/2015,473555219,11/6/2015,4368,205.7,117.11,898497.6,511536.48,386961.12
Central America and the Caribbean,Cuba,Cereal,Offline,L,3/30/2015,925405299,5/1/2015,6847,205.7,117.11,1408427.9,801852.17,606575.73
Europe,Switzerland,Cereal,Offline,C,2/20/2013,423159730,4/11/2013,1222,205.7,117.11,251365.4,143108.42,108256.98
Sub-Saharan Africa,Mauritius ,Cereal,Offline,L,8/2/2016,994566810,9/1/2016,3275,205.7,117.11,673667.5,383535.25,290132.25
Middle East and North Africa,Pakistan,Vegetables,Offline,M,4/25/2013,538957345,4/25/2013,8310,154.06,90.93,1280238.6,755628.3,524610.3
Sub-Saharan Africa,South Africa,Fruits,Offline,L,3/2/2011,821587932,3/11/2011,4981,9.33,6.92,46472.73,34468.52,12004.21
Central America and the Caribbean,Nicaragua,Fruits,Online,M,8/30/2014,933924853,9/13/2014,7973,9.33,6.92,74388.09,55173.16,19214.93
Europe,Sweden,Cereal,Online,L,11/12/2010,247776305,11/30/2010,1370,205.7,117.11,281809,160440.7,121368.3
Europe,Italy,Vegetables,Offline,L,1/10/2014,952714908,2/25/2014,8367,154.06,90.93,1289020.02,760811.31,528208.71
Europe,Bosnia and Herzegovina,Vegetables,Online,C,10/3/2010,694722020,10/3/2010,2539,154.06,90.93,391158.34,230871.27,160287.07
Sub-Saharan Africa,Sudan,Cereal,Online,M,8/17/2013,860287702,9/11/2013,7103,205.7,117.11,1461087.1,831832.33,629254.77
Middle East and North Africa,Saudi Arabia,Vegetables,Online,C,8/16/2016,461463820,8/20/2016,6254,154.06,90.93,963491.24,568676.22,394815.02
Sub-Saharan Africa,Central African Republic,Vegetables,Online,C,9/4/2012,641146934,10/4/2012,8480,154.06,90.93,1306428.8,771086.4,535342.4
Sub-Saharan Africa,Nigeria,Vegetables,Offline,C,7/21/2010,211201274,9/9/2010,8005,154.06,90.93,1233250.3,727894.65,505355.65
Sub-Saharan Africa,Rwanda,Fruits,Online,H,6/9/2015,925333631,7/25/2015,5639,9.33,6.92,52611.87,39021.88,13589.99
Europe,Andorra,Vegetables,Online,M,9/15/2013,257915914,10/6/2013,1905,154.06,90.93,293484.3,173221.65,120262.65
Australia and Oceania,Nauru,Fruits,Online,L,2/22/2010,607757937,4/5/2010,7934,9.33,6.92,74024.22,54903.28,19120.94
Europe,Czech Republic,Cereal,Offline,H,6/29/2012,594540441,7/30/2012,6583,205.7,117.11,1354123.1,770935.13,583187.97
Europe,Serbia,Vegetables,Online,L,3/23/2015,685871589,4/5/2015,3500,154.06,90.93,539210,318255,220955
Australia and Oceania,Tuvalu,Cereal,Offline,C,2/12/2014,133362710,3/23/2014,3844,205.7,117.11,790710.8,450170.84,340539.96
Sub-Saharan Africa,Ethiopia,Vegetables,Online,C,8/6/2011,304832684,9/6/2011,5620,154.06,90.93,865817.2,511026.6,354790.6
Sub-Saharan Africa,Cote d'Ivoire,Vegetables,Offline,M,7/8/2014,641489398,7/28/2014,9823,154.06,90.93,1513331.38,893205.39,620125.99
Middle East and North Africa,Afghanistan,Cereal,Offline,C,12/19/2015,808538234,1/16/2016,3286,205.7,117.11,675930.2,384823.46,291106.74
Asia,Vietnam,Vegetables,Offline,M,2/18/2016,396820008,3/20/2016,6714,154.06,90.93,1034358.84,610504.02,423854.82
Europe,Portugal,Vegetables,Online,H,6/14/2013,813209140,7/10/2013,5511,154.06,90.93,849024.66,501115.23,347909.43
Sub-Saharan Africa,Zimbabwe,Fruits,Offline,H,10/5/2014,903740775,10/23/2014,5833,9.33,6.92,54421.89,40364.36,14057.53
Europe,Slovenia,Cereal,Offline,H,5/22/2010,901180875,5/26/2010,8302,205.7,117.11,1707721.4,972247.22,735474.18
Sub-Saharan Africa,Guinea-Bissau,Cereal,Online,L,1/23/2015,138867890,2/22/2015,2950,205.7,117.11,606815,345474.5,261340.5
Sub-Saharan Africa,Namibia,Vegetables,Offline,C,8/11/2014,461823451,9/4/2014,2677,154.06,90.93,412418.62,243419.61,168999.01
Central America and the Caribbean,Jamaica,Fruits,Offline,L,10/17/2016,941323029,10/27/2016,7258,9.33,6.92,67717.14,50225.36,17491.78
Sub-Saharan Africa,Sudan,Vegetables,Offline,M,2/2/2014,241281497,3/3/2014,9412,154.06,90.93,1450012.72,855833.16,594179.56
Sub-Saharan Africa,Madagascar,Cereal,Offline,H,8/18/2016,469414317,8/19/2016,8983,205.7,117.11,1847803.1,1051999.13,795803.97
Europe,Belarus,Vegetables,Offline,C,11/3/2012,478919208,11/27/2012,1691,154.06,90.93,260515.46,153762.63,106752.83
Sub-Saharan Africa,Guinea-Bissau,Vegetables,Online,L,2/28/2017,522921168,3/2/2017,2849,154.06,90.93,438916.94,259059.57,179857.37
Central America and the Caribbean,Trinidad and Tobago,Fruits,Offline,L,9/24/2013,854545199,11/9/2013,7769,9.33,6.92,72484.77,53761.48,18723.29
Central America and the Caribbean,Dominican Republic,Cereal,Offline,H,10/21/2014,110442054,11/20/2014,1113,205.7,117.11,228944.1,130343.43,98600.67
Europe,Estonia,Vegetables,Online,L,12/27/2016,826916301,1/7/2017,1764,154.06,90.93,271761.84,160400.52,111361.32
Europe,Romania,Fruits,Offline,C,4/9/2012,131209647,5/3/2012,6705,9.33,6.92,62557.65,46398.6,16159.05
Australia and Oceania,Solomon Islands,Cereal,Offline,C,11/8/2010,940870702,11/21/2010,3404,205.7,117.11,700202.8,398642.44,301560.36
Central America and the Caribbean,Guatemala,Fruits,Online,M,3/30/2014,346215522,5/4/2014,1721,9.33,6.92,16056.93,11909.32,4147.61
Central America and the Caribbean,Dominica,Vegetables,Offline,C,11/16/2014,653939568,12/6/2014,4105,154.06,90.93,632416.3,373267.65,259148.65
Australia and Oceania,Marshall Islands,Cereal,Online,L,5/29/2017,148871457,7/6/2017,3227,205.7,117.11,663793.9,377913.97,285879.93
Europe,Bulgaria,Fruits,Online,H,2/10/2015,850108611,2/25/2015,4884,9.33,6.92,45567.72,33797.28,11770.44
Central America and the Caribbean,Saint Kitts and Nevis ,Vegetables,Online,H,4/15/2017,954092919,5/11/2017,6152,154.06,90.93,947777.12,559401.36,388375.76
Sub-Saharan Africa,Madagascar,Fruits,Online,M,7/23/2017,987714517,9/11/2017,5530,9.33,6.92,51594.9,38267.6,13327.3
Asia,Maldives,Vegetables,Offline,M,1/11/2014,509819114,2/23/2014,5660,154.06,90.93,871979.6,514663.8,357315.8
Europe,Albania,Vegetables,Offline,M,9/12/2012,880444610,10/31/2012,1980,154.06,90.93,305038.8,180041.4,124997.4
Central America and the Caribbean,Dominican Republic,Vegetables,Offline,L,12/19/2015,737890565,1/15/2016,7071,154.06,90.93,1089358.26,642966.03,446392.23
Sub-Saharan Africa,Zimbabwe,Vegetables,Online,M,6/26/2014,727131259,8/9/2014,3153,154.06,90.93,485751.18,286702.29,199048.89
Sub-Saharan Africa,Uganda,Fruits,Online,L,5/4/2010,624295365,6/23/2010,1727,9.33,6.92,16112.91,11950.84,4162.07
Middle East and North Africa,Azerbaijan,Vegetables,Online,C,7/27/2014,751929891,8/1/2014,1619,154.06,90.93,249423.14,147215.67,102207.47
Sub-Saharan Africa,Zambia,Fruits,Online,L,5/26/2015,360820043,7/2/2015,3524,9.33,6.92,32878.92,24386.08,8492.84
Middle East and North Africa,Saudi Arabia,Vegetables,Online,H,5/18/2010,411448562,6/30/2010,5628,154.06,90.93,867049.68,511754.04,355295.64
Europe,Spain,Vegetables,Online,L,10/8/2013,751940190,10/10/2013,4667,154.06,90.93,718998.02,424370.31,294627.71
Sub-Saharan Africa,Mozambique,Fruits,Online,C,12/14/2012,433228528,12/21/2012,804,9.33,6.92,7501.32,5563.68,1937.64
Middle East and North Africa,Bahrain,Fruits,Online,L,11/20/2015,282475936,11/28/2015,9762,9.33,6.92,91079.46,67553.04,23526.42
Europe,Armenia,Fruits,Online,C,4/28/2011,681006705,6/14/2011,3872,9.33,6.92,36125.76,26794.24,9331.52
Asia,Kyrgyzstan,Vegetables,Offline,H,1/29/2017,348286616,2/13/2017,4604,154.06,90.93,709292.24,418641.72,290650.52
Sub-Saharan Africa,Botswana,Cereal,Online,C,5/3/2017,129268586,6/21/2017,2302,205.7,117.11,473521.4,269587.22,203934.18
Asia,Thailand,Vegetables,Online,L,7/17/2010,976871955,8/31/2010,6975,154.06,90.93,1074568.5,634236.75,440331.75
Europe,Belarus,Cereal,Offline,C,5/31/2012,261765420,7/17/2012,1060,205.7,117.11,218042,124136.6,93905.4
Australia and Oceania,Solomon Islands,Vegetables,Offline,L,7/15/2016,784117686,7/17/2016,6703,154.06,90.93,1032664.18,609503.79,423160.39
Asia,Cambodia,Cereal,Online,L,10/3/2011,899853074,10/26/2011,5376,205.7,117.11,1105843.2,629583.36,476259.84
Sub-Saharan Africa,Namibia,Vegetables,Online,L,5/8/2016,446970021,5/9/2016,7217,154.06,90.93,1111851.02,656241.81,455609.21
Middle East and North Africa,Turkey,Vegetables,Offline,M,8/24/2014,496656548,9/29/2014,564,154.06,90.93,86889.84,51284.52,35605.32
Middle East and North Africa,Pakistan,Vegetables,Offline,C,5/26/2013,345437037,6/30/2013,1351,154.06,90.93,208135.06,122846.43,85288.63
Europe,Georgia,Vegetables,Offline,H,1/26/2015,743053281,2/23/2015,4833,154.06,90.93,744571.98,439464.69,305107.29
Sub-Saharan Africa,Cote d'Ivoire,Cereal,Online,L,7/30/2016,105390059,8/25/2016,6115,205.7,117.11,1257855.5,716127.65,541727.85
Asia,Philippines,Fruits,Offline,L,5/4/2013,827964293,6/1/2013,1888,9.33,6.92,17615.04,13064.96,4550.08
Europe,Germany,Cereal,Offline,M,10/7/2011,957276809,11/4/2011,8335,205.7,117.11,1714509.5,976111.85,738397.65
Europe,France,Vegetables,Offline,C,4/12/2012,959853875,5/4/2012,947,154.06,90.93,145894.82,86110.71,59784.11
Europe,Spain,Vegetables,Online,C,10/2/2012,645597255,10/25/2012,5429,154.06,90.93,836391.74,493658.97,342732.77
Sub-Saharan Africa,The Gambia,Vegetables,Online,M,9/30/2013,718327605,11/10/2013,7956,154.06,90.93,1225701.36,723439.08,502262.28
Sub-Saharan Africa,Senegal,Cereal,Offline,M,3/23/2017,630488908,4/30/2017,4534,205.7,117.11,932643.8,530976.74,401667.06
Europe,Netherlands,Fruits,Online,L,10/31/2016,792983996,12/2/2016,441,9.33,6.92,4114.53,3051.72,1062.81
Europe,Russia,Fruits,Online,C,7/3/2016,722088277,7/3/2016,822,9.33,6.92,7669.26,5688.24,1981.02
Central America and the Caribbean,Haiti,Vegetables,Offline,H,10/16/2015,948607051,11/27/2015,2761,154.06,90.93,425359.66,251057.73,174301.93
Middle East and North Africa,Yemen,Cereal,Online,H,5/10/2013,785261380,5/26/2013,5147,205.7,117.11,1058737.9,602765.17,455972.73
Australia and Oceania,Tuvalu,Cereal,Online,C,3/27/2013,935644042,5/15/2013,6719,205.7,117.11,1382098.3,786862.09,595236.21
Sub-Saharan Africa,Sao Tome and Principe,Cereal,Offline,M,4/27/2015,267066323,5/19/2015,9715,205.7,117.11,1998375.5,1137723.65,860651.85
Middle East and North Africa,Bahrain,Fruits,Online,M,3/14/2017,688344371,4/28/2017,5251,9.33,6.92,48991.83,36336.92,12654.91
Europe,Cyprus,Cereal,Online,C,7/13/2014,941909682,8/1/2014,861,205.7,117.11,177107.7,100831.71,76275.99
Middle East and North Africa,Afghanistan,Fruits,Online,C,4/22/2013,967644727,4/30/2013,6433,9.33,6.92,60019.89,44516.36,15503.53
Europe,Iceland,Vegetables,Online,M,3/7/2012,248178422,3/22/2012,365,154.06,90.93,56231.9,33189.45,23042.45
Asia,Myanmar,Vegetables,Offline,L,1/14/2013,416386401,2/16/2013,6844,154.06,90.93,1054386.64,622324.92,432061.72
Europe,Slovakia,Vegetables,Online,M,3/23/2015,401116263,3/31/2015,8071,154.06,90.93,1243418.26,733896.03,509522.23
Middle East and North Africa,Bahrain,Fruits,Offline,H,9/28/2012,675548303,11/6/2012,8610,9.33,6.92,80331.3,59581.2,20750.1
Australia and Oceania,Vanuatu,Cereal,Online,L,2/3/2017,877259004,2/16/2017,9289,205.7,117.11,1910747.3,1087834.79,822912.51
Australia and Oceania,Palau,Cereal,Offline,L,10/6/2010,494468724,10/23/2010,3139,205.7,117.11,645692.3,367608.29,278084.01
Europe,Macedonia,Fruits,Offline,M,8/7/2011,716202867,9/20/2011,9199,9.33,6.92,85826.67,63657.08,22169.59
Asia,Nepal,Cereal,Offline,H,1/13/2015,677284657,1/15/2015,2436,205.7,117.11,501085.2,285279.96,215805.24
Asia,Nepal,Fruits,Online,C,7/22/2014,673803794,7/29/2014,2371,9.33,6.92,22121.43,16407.32,5714.11
Sub-Saharan Africa,Mauritius ,Cereal,Offline,C,6/25/2015,859686028,7/10/2015,9055,205.7,117.11,1862613.5,1060431.05,802182.45
Central America and the Caribbean,Saint Vincent and the Grenadines,Fruits,Offline,L,10/19/2013,957547605,11/21/2013,8470,9.33,6.92,79025.1,58612.4,20412.7
Middle East and North Africa,Morocco,Cereal,Online,H,10/2/2012,795315158,10/26/2012,284,205.7,117.11,58418.8,33259.24,25159.56
Sub-Saharan Africa,Zimbabwe,Fruits,Offline,C,7/26/2010,314004981,8/9/2010,9907,9.33,6.92,92432.31,68556.44,23875.87
Asia,India,Cereal,Online,C,3/27/2010,160299813,4/6/2010,5132,205.7,117.11,1055652.4,601008.52,454643.88
Australia and Oceania,Tuvalu,Fruits,Offline,L,2/23/2013,447601306,3/11/2013,4028,9.33,6.92,37581.24,27873.76,9707.48
Sub-Saharan Africa,The Gambia,Vegetables,Offline,L,10/4/2016,823444449,10/30/2016,4366,154.06,90.93,672625.96,397000.38,275625.58
Sub-Saharan Africa,Sierra Leone,Fruits,Offline,C,4/23/2012,627122199,4/29/2012,8250,9.33,6.92,76972.5,57090,19882.5
Europe,Russia,Fruits,Online,M,2/14/2011,103617227,3/12/2011,1495,9.33,6.92,13948.35,10345.4,3602.95
Europe,Lithuania,Vegetables,Offline,M,10/6/2010,423821055,10/22/2010,6923,154.06,90.93,1066557.38,629508.39,437048.99
Europe,United Kingdom,Vegetables,Online,L,12/8/2012,529970014,1/3/2013,8759,154.06,90.93,1349411.54,796455.87,552955.67
Middle East and North Africa,Syria,Vegetables,Offline,M,6/24/2015,433871400,7/1/2015,1044,154.06,90.93,160838.64,94930.92,65907.72
Central America and the Caribbean,Saint Kitts and Nevis ,Cereal,Offline,H,2/21/2016,708063542,3/19/2016,592,205.7,117.11,121774.4,69329.12,52445.28
Sub-Saharan Africa,Sudan,Vegetables,Offline,H,12/4/2016,817192542,12/22/2016,4288,154.06,90.93,660609.28,389907.84,270701.44
Europe,Austria,Cereal,Online,L,8/18/2014,753585135,9/13/2014,1443,205.7,117.11,296825.1,168989.73,127835.37
Australia and Oceania,Fiji,Cereal,Online,L,3/10/2017,903278148,4/3/2017,8932,205.7,117.11,1837312.4,1046026.52,791285.88
Sub-Saharan Africa,Liberia,Cereal,Offline,H,12/17/2015,642683303,1/20/2016,3126,205.7,117.11,643018.2,366085.86,276932.34
Middle East and North Africa,United Arab Emirates,Vegetables,Online,C,5/12/2011,524363124,6/28/2011,9556,154.06,90.93,1472197.36,868927.08,603270.28
Europe,Portugal,Cereal,Offline,C,4/10/2014,811546599,5/8/2014,3528,205.7,117.11,725709.6,413164.08,312545.52
